{"cameraMode":{"drawMode":0,"name":"Shaded","section":"Shading Mode"},"sceneLighting":false,"audioPlay":false,"sceneViewState":{"m_AlwaysRefresh":true,"showFog":true,"showSkybox":false,"showFlares":true,"showImageEffects":true,"showParticleSystems":true,"showVisualEffectGraphs":true,"m_FxEnabled":true},"in2DMode":false,"pivot":{"x":-0.16464021801948548,"y":0.5116522312164307,"z":-0.14283518493175507},"rotation":{"x":-0.046531081199645999,"y":0.8586499094963074,"z":-0.5047525763511658,"w":-0.08169571310281754},"size":1.155277967453003,"orthographic":false}