{"cameraMode":{"drawMode":0,"name":"Shaded","section":"Shading Mode"},"sceneLighting":false,"audioPlay":false,"sceneViewState":{"m_AlwaysRefresh":true,"showFog":true,"showSkybox":false,"showFlares":true,"showImageEffects":true,"showParticleSystems":true,"showVisualEffectGraphs":true,"m_FxEnabled":true},"in2DMode":false,"pivot":{"x":-0.6972501277923584,"y":14.600933074951172,"z":21.701457977294923},"rotation":{"x":0.01001373864710331,"y":-0.9529680013656616,"z":0.30138978362083437,"w":0.03174636885523796},"size":0.8660253882408142,"orthographic":false}