{"cameraMode":{"drawMode":0,"name":"Shaded","section":"Shading Mode"},"sceneLighting":false,"audioPlay":false,"sceneViewState":{"m_AlwaysRefresh":true,"showFog":true,"showSkybox":false,"showFlares":true,"showImageEffects":true,"showParticleSystems":true,"showVisualEffectGraphs":true,"m_FxEnabled":true},"in2DMode":false,"pivot":{"x":0.02536448836326599,"y":-0.007428795099258423,"z":-0.10031789541244507},"rotation":{"x":-0.21690070629119874,"y":-0.26386597752571108,"z":0.05974967032670975,"w":-0.9384440183639526},"size":0.5528870224952698,"orthographic":false}