{"cameraMode":{"drawMode":0,"name":"Shaded","section":"Shading Mode"},"sceneLighting":false,"audioPlay":false,"sceneViewState":{"m_AlwaysRefresh":true,"showFog":true,"showSkybox":false,"showFlares":true,"showImageEffects":true,"showParticleSystems":true,"showVisualEffectGraphs":true,"m_FxEnabled":true},"in2DMode":false,"pivot":{"x":17.325538635253908,"y":8.065478324890137,"z":77.53791046142578},"rotation":{"x":0.17999663949012757,"y":-0.14969900250434876,"z":0.029334088787436487,"w":0.9722106456756592},"size":7.8620405197143559,"orthographic":false}