{"cameraMode":{"drawMode":0,"name":"Shaded","section":"Shading Mode"},"sceneLighting":false,"audioPlay":false,"sceneViewState":{"m_AlwaysRefresh":true,"showFog":true,"showSkybox":false,"showFlares":true,"showImageEffects":true,"showParticleSystems":true,"showVisualEffectGraphs":true,"m_FxEnabled":true},"in2DMode":false,"pivot":{"x":0.08426189422607422,"y":9.553999900817871,"z":0.06403923034667969},"rotation":{"x":-0.15860112011432649,"y":-0.6120451092720032,"z":0.12910109758377076,"w":-0.7648139595985413},"size":12.240262985229493,"orthographic":false}