{"cameraMode":{"drawMode":0,"name":"Shaded","section":"Shading Mode"},"sceneLighting":false,"audioPlay":false,"sceneViewState":{"m_AlwaysRefresh":true,"showFog":true,"showSkybox":false,"showFlares":true,"showImageEffects":true,"showParticleSystems":true,"showVisualEffectGraphs":true,"m_FxEnabled":true},"in2DMode":false,"pivot":{"x":-1.8177810907363892,"y":0.0988617092370987,"z":7.198904037475586},"rotation":{"x":0.007820075377821923,"y":0.6843714714050293,"z":0.004366537556052208,"w":-0.729678213596344},"size":2.6189825534820558,"orthographic":false}