{"cameraMode":{"drawMode":0,"name":"Shaded","section":"Shading Mode"},"sceneLighting":true,"audioPlay":false,"sceneViewState":{"m_AlwaysRefresh":true,"showFog":true,"showSkybox":false,"showFlares":true,"showImageEffects":true,"showParticleSystems":true,"showVisualEffectGraphs":true,"m_FxEnabled":true},"in2DMode":false,"pivot":{"x":0.3934428095817566,"y":-0.8612180948257446,"z":2.5020971298217775},"rotation":{"x":-0.15263240039348603,"y":-0.053870998322963718,"z":0.007076649460941553,"w":-0.9872949123382568},"size":2.4248712062835695,"orthographic":false}