{"cameraMode":{"drawMode":0,"name":"Shaded","section":"Shading Mode"},"sceneLighting":false,"audioPlay":false,"sceneViewState":{"m_AlwaysRefresh":true,"showFog":true,"showSkybox":false,"showFlares":true,"showImageEffects":true,"showParticleSystems":true,"showVisualEffectGraphs":true,"m_FxEnabled":true},"in2DMode":false,"pivot":{"x":-0.24912261962890626,"y":-3.9456100463867189,"z":-1.2140579223632813},"rotation":{"x":0.02259461022913456,"y":-0.9650490880012512,"z":0.24571014940738679,"w":0.08884003758430481},"size":58.518333435058597,"orthographic":false}