{"cameraMode":{"drawMode":0,"name":"Shaded","section":"Shading Mode"},"sceneLighting":true,"audioPlay":false,"sceneViewState":{"m_AlwaysRefresh":true,"showFog":true,"showSkybox":false,"showFlares":true,"showImageEffects":true,"showParticleSystems":true,"showVisualEffectGraphs":true,"m_FxEnabled":true},"in2DMode":false,"pivot":{"x":16.559486389160158,"y":-17.347742080688478,"z":30.46590232849121},"rotation":{"x":0.2841537892818451,"y":0.23525498807430268,"z":-0.07193515449762345,"w":0.9273088574409485},"size":21.532129287719728,"orthographic":false}