{"cameraMode":{"drawMode":0,"name":"Shaded","section":"Shading Mode"},"sceneLighting":true,"audioPlay":false,"sceneViewState":{"m_AlwaysRefresh":true,"showFog":true,"showSkybox":false,"showFlares":true,"showImageEffects":true,"showParticleSystems":true,"showVisualEffectGraphs":true,"m_FxEnabled":true},"in2DMode":false,"pivot":{"x":19.686050415039064,"y":-1.4459428787231446,"z":-36.441429138183597},"rotation":{"x":0.15214025974273683,"y":-0.7812002301216126,"z":0.21066632866859437,"w":0.568536102771759},"size":1.8928208351135255,"orthographic":false}