{"cameraMode":{"drawMode":0,"name":"Shaded","section":"Shading Mode"},"sceneLighting":true,"audioPlay":false,"sceneViewState":{"m_AlwaysRefresh":true,"showFog":true,"showSkybox":false,"showFlares":true,"showImageEffects":true,"showParticleSystems":true,"showVisualEffectGraphs":true,"m_FxEnabled":true},"in2DMode":false,"pivot":{"x":7.980321884155273,"y":0.14959551393985749,"z":-14.657636642456055},"rotation":{"x":0.09975477308034897,"y":0.5340360999107361,"z":-0.06134611368179321,"w":0.837830662727356},"size":0.14959551393985749,"orthographic":false}