{"cameraMode":{"drawMode":0,"name":"Shaded","section":"Shading Mode"},"sceneLighting":false,"audioPlay":false,"sceneViewState":{"m_AlwaysRefresh":true,"showFog":true,"showSkybox":false,"showFlares":true,"showImageEffects":true,"showParticleSystems":true,"showVisualEffectGraphs":true,"m_FxEnabled":true},"in2DMode":false,"pivot":{"x":-0.4323508143424988,"y":0.17297694087028504,"z":-0.26523613929748537},"rotation":{"x":-0.24959130585193635,"y":-0.23511731624603272,"z":0.06134975329041481,"w":-0.937858521938324},"size":0.10764916241168976,"orthographic":false}