{"cameraMode":{"drawMode":0,"name":"Shaded","section":"Shading Mode"},"sceneLighting":false,"audioPlay":false,"sceneViewState":{"m_AlwaysRefresh":true,"showFog":true,"showSkybox":false,"showFlares":true,"showImageEffects":true,"showParticleSystems":true,"showVisualEffectGraphs":true,"m_FxEnabled":true},"in2DMode":false,"pivot":{"x":0.5552591681480408,"y":0.5167828798294067,"z":0.3556350767612457},"rotation":{"x":0.19743186235427857,"y":0.2344987988471985,"z":-0.04715519770979881,"w":0.9511401057243347},"size":0.836352527141571,"orthographic":false}