{"cameraMode":{"drawMode":0,"name":"Shaded","section":"Shading Mode"},"sceneLighting":true,"audioPlay":false,"sceneViewState":{"m_AlwaysRefresh":true,"showFog":true,"showSkybox":false,"showFlares":true,"showImageEffects":true,"showParticleSystems":true,"showVisualEffectGraphs":true,"m_FxEnabled":true},"in2DMode":false,"pivot":{"x":0.4371623992919922,"y":1.3096601963043213,"z":-2.3120319843292238},"rotation":{"x":-0.23915278911590577,"y":0.05327577888965607,"z":-0.014423929154872895,"w":-0.9699258804321289},"size":0.26493147015571597,"orthographic":false}