{"cameraMode":{"drawMode":0,"name":"Shaded","section":"Shading Mode"},"sceneLighting":false,"audioPlay":false,"sceneViewState":{"m_AlwaysRefresh":true,"showFog":true,"showSkybox":false,"showFlares":true,"showImageEffects":true,"showParticleSystems":true,"showVisualEffectGraphs":true,"m_FxEnabled":true},"in2DMode":false,"pivot":{"x":2.944721221923828,"y":1.0545778274536133,"z":-0.5743370056152344},"rotation":{"x":0.02259461022913456,"y":-0.9650490880012512,"z":0.24571014940738679,"w":0.08884003758430481},"size":44.806785583496097,"orthographic":false}