{"cameraMode":{"drawMode":0,"name":"Shaded","section":"Shading Mode"},"sceneLighting":false,"audioPlay":false,"sceneViewState":{"m_AlwaysRefresh":true,"showFog":true,"showSkybox":false,"showFlares":true,"showImageEffects":true,"showParticleSystems":true,"showVisualEffectGraphs":true,"m_FxEnabled":true},"in2DMode":false,"pivot":{"x":-7.76772403717041,"y":-2.2347846031188967,"z":-11.825301170349121},"rotation":{"x":0.11338121443986893,"y":0.12371686846017838,"z":-0.01318829134106636,"w":0.9864469170570374},"size":0.5660253763198853,"orthographic":false}