{"cameraMode":{"drawMode":0,"name":"Shaded","section":"Shading Mode"},"sceneLighting":false,"audioPlay":false,"sceneViewState":{"m_AlwaysRefresh":true,"showFog":true,"showSkybox":false,"showFlares":true,"showImageEffects":true,"showParticleSystems":true,"showVisualEffectGraphs":true,"m_FxEnabled":true},"in2DMode":false,"pivot":{"x":13.437739372253418,"y":12.274129867553711,"z":-16.257169723510743},"rotation":{"x":-0.41411319375038149,"y":-0.27271321415901186,"z":0.13016930222511292,"w":-0.8591187000274658},"size":4.277376174926758,"orthographic":false}