{"cameraMode":{"drawMode":0,"name":"Shaded","section":"Shading Mode"},"sceneLighting":true,"audioPlay":false,"sceneViewState":{"m_AlwaysRefresh":true,"showFog":true,"showSkybox":false,"showFlares":true,"showImageEffects":true,"showParticleSystems":true,"showVisualEffectGraphs":true,"m_FxEnabled":true},"in2DMode":false,"pivot":{"x":-1.985194206237793,"y":0.029433073475956918,"z":0.20945677161216737},"rotation":{"x":-0.24206764996051789,"y":-0.06317294389009476,"z":0.014513212256133557,"w":-0.968612015247345},"size":4.524871349334717,"orthographic":false}