{"cameraMode":{"drawMode":0,"name":"Shaded","section":"Shading Mode"},"sceneLighting":false,"audioPlay":false,"sceneViewState":{"m_AlwaysRefresh":true,"showFog":true,"showSkybox":false,"showFlares":true,"showImageEffects":true,"showParticleSystems":true,"showVisualEffectGraphs":true,"m_FxEnabled":true},"in2DMode":false,"pivot":{"x":7.4777116775512699,"y":14.754133224487305,"z":17.999847412109376},"rotation":{"x":0.06644432991743088,"y":-0.9246761202812195,"z":0.3232632279396057,"w":0.19013987481594087},"size":6.935394287109375,"orthographic":false}