{"cameraMode":{"drawMode":0,"name":"Shaded","section":"Shading Mode"},"sceneLighting":true,"audioPlay":false,"sceneViewState":{"m_AlwaysRefresh":true,"showFog":true,"showSkybox":true,"showFlares":true,"showImageEffects":true,"showParticleSystems":true,"showVisualEffectGraphs":true,"m_FxEnabled":true},"in2DMode":false,"pivot":{"x":14.468857765197754,"y":-21.30314064025879,"z":47.22574234008789},"rotation":{"x":-0.24392317235469819,"y":-0.40881091356277468,"z":0.11247711628675461,"w":-0.8727306127548218},"size":0.8660253882408142,"orthographic":false}