{"cameraMode":{"drawMode":0,"name":"Shaded","section":"Shading Mode"},"sceneLighting":true,"audioPlay":false,"sceneViewState":{"m_AlwaysRefresh":true,"showFog":true,"showSkybox":true,"showFlares":true,"showImageEffects":true,"showParticleSystems":true,"showVisualEffectGraphs":true,"m_FxEnabled":true},"in2DMode":false,"pivot":{"x":-1.9317257404327393,"y":21.63691520690918,"z":-90.57766723632813},"rotation":{"x":-0.07009746134281159,"y":0.029450049623847009,"z":-0.00791844166815281,"w":-0.9982379674911499},"size":10.920249938964844,"orthographic":false}