{"cameraMode":{"drawMode":0,"name":"Shaded","section":"Shading Mode"},"sceneLighting":false,"audioPlay":false,"sceneViewState":{"m_AlwaysRefresh":true,"showFog":true,"showSkybox":false,"showFlares":true,"showImageEffects":true,"showParticleSystems":true,"showVisualEffectGraphs":true,"m_FxEnabled":true},"in2DMode":false,"pivot":{"x":-0.15309904515743257,"y":0.8852693438529968,"z":0.6579996347427368},"rotation":{"x":0.003429679200053215,"y":0.9938237071037293,"z":-0.11407638341188431,"w":0.013231275603175164},"size":0.6339746713638306,"orthographic":false}