{"cameraMode":{"drawMode":0,"name":"Shaded","section":"Shading Mode"},"sceneLighting":false,"audioPlay":false,"sceneViewState":{"m_AlwaysRefresh":true,"showFog":true,"showSkybox":false,"showFlares":true,"showImageEffects":true,"showParticleSystems":true,"showVisualEffectGraphs":true,"m_FxEnabled":true},"in2DMode":false,"pivot":{"x":-4.886351108551025,"y":2.8739500045776369,"z":7.410555839538574},"rotation":{"x":0.005716999992728233,"y":0.33472511172294619,"z":0.0009053286048583686,"w":-0.9427690505981445},"size":4.641800403594971,"orthographic":false}