{"cameraMode":{"drawMode":0,"name":"Shaded","section":"Shading Mode"},"sceneLighting":true,"audioPlay":false,"sceneViewState":{"m_AlwaysRefresh":true,"showFog":true,"showSkybox":false,"showFlares":true,"showImageEffects":true,"showParticleSystems":true,"showVisualEffectGraphs":true,"m_FxEnabled":true},"in2DMode":false,"pivot":{"x":18.042407989501954,"y":3.1457595825195314,"z":-38.18367004394531},"rotation":{"x":0.5483410358428955,"y":0.32188040018081667,"z":-0.24168317019939423,"w":0.7334506511688232},"size":0.9387713670730591,"orthographic":false}