{"cameraMode":{"drawMode":0,"name":"Shaded","section":"Shading Mode"},"sceneLighting":false,"audioPlay":false,"sceneViewState":{"m_AlwaysRefresh":true,"showFog":true,"showSkybox":false,"showFlares":true,"showImageEffects":true,"showParticleSystems":true,"showVisualEffectGraphs":true,"m_FxEnabled":true},"in2DMode":false,"pivot":{"x":119.72150421142578,"y":6.8757147789001469,"z":24.18303680419922},"rotation":{"x":-0.08361196517944336,"y":0.5659196972846985,"z":0.05762122571468353,"w":0.8185425400733948},"size":7.024420738220215,"orthographic":false}