{"cameraMode":{"drawMode":0,"name":"Shaded","section":"Shading Mode"},"sceneLighting":true,"audioPlay":false,"sceneViewState":{"m_AlwaysRefresh":true,"showFog":true,"showSkybox":false,"showFlares":true,"showImageEffects":true,"showParticleSystems":true,"showVisualEffectGraphs":true,"m_FxEnabled":true},"in2DMode":false,"pivot":{"x":0.002384243765845895,"y":-0.6661646962165833,"z":3.6619300842285158},"rotation":{"x":-0.15724296867847444,"y":-0.0034720024559646847,"z":-0.0006867185584269464,"w":-0.9880614876747131},"size":2.4248712062835695,"orthographic":false}