{"cameraMode":{"drawMode":0,"name":"Shaded","section":"Shading Mode"},"sceneLighting":false,"audioPlay":false,"sceneViewState":{"m_AlwaysRefresh":true,"showFog":true,"showSkybox":false,"showFlares":true,"showImageEffects":true,"showParticleSystems":true,"showVisualEffectGraphs":true,"m_FxEnabled":true},"in2DMode":false,"pivot":{"x":0.20901797711849214,"y":0.32172057032585146,"z":-0.04289509356021881},"rotation":{"x":-0.09891220182180405,"y":0.075349822640419,"z":-0.007312302011996508,"w":-0.9925552010536194},"size":0.45770904421806338,"orthographic":false}