{"cameraMode":{"drawMode":0,"name":"Shaded","section":"Shading Mode"},"sceneLighting":false,"audioPlay":false,"sceneViewState":{"m_AlwaysRefresh":true,"showFog":true,"showSkybox":false,"showFlares":true,"showImageEffects":true,"showParticleSystems":true,"showVisualEffectGraphs":true,"m_FxEnabled":true},"in2DMode":false,"pivot":{"x":205.01699829101563,"y":-10.515000343322754,"z":165.4199981689453},"rotation":{"x":-0.10884087532758713,"y":-0.6391507387161255,"z":0.09102723002433777,"w":-0.7566999793052673},"size":0.8660281300544739,"orthographic":false}