{"cameraMode":{"drawMode":0,"name":"Shaded","section":"Shading Mode"},"sceneLighting":false,"audioPlay":false,"sceneViewState":{"m_AlwaysRefresh":true,"showFog":true,"showSkybox":false,"showFlares":true,"showImageEffects":true,"showParticleSystems":true,"showVisualEffectGraphs":true,"m_FxEnabled":true},"in2DMode":false,"pivot":{"x":0.0007277727127075195,"y":2.384185791015625e-7,"z":-0.22479774057865144},"rotation":{"x":0.0635247454047203,"y":0.9267346262931824,"z":-0.32831263542175295,"w":0.1738232970237732},"size":0.4530668556690216,"orthographic":false}