{"cameraMode":{"drawMode":0,"name":"Shaded","section":"Shading Mode"},"sceneLighting":false,"audioPlay":false,"sceneViewState":{"showFog":true,"showMaterialUpdate":true,"showSkybox":false,"showFlares":true,"showImageEffects":true,"showParticleSystems":true},"in2DMode":false,"pivot":{"x":16.068470001220704,"y":3.126835823059082,"z":-3.888225555419922},"rotation":{"x":-0.06315064430236817,"y":-0.8854725956916809,"z":0.1226305142045021,"w":-0.44469884037971499},"size":1.4407031536102296,"orthographic":false}