{"cameraMode":{"drawMode":0,"name":"Shaded","section":"Shading Mode"},"sceneLighting":false,"audioPlay":false,"sceneViewState":{"showFog":true,"showMaterialUpdate":false,"showSkybox":false,"showFlares":true,"showImageEffects":true,"showParticleSystems":true},"in2DMode":false,"pivot":{"x":-0.03725151717662811,"y":0.026474833488464357,"z":-0.06977541744709015},"rotation":{"x":-0.0666201189160347,"y":-0.89113450050354,"z":0.13906794786453248,"w":-0.42685967683792117},"size":0.07579740136861801,"orthographic":false}