{"cameraMode":{"drawMode":0,"name":"Shaded","section":"Shading Mode"},"sceneLighting":false,"audioPlay":false,"sceneViewState":{"showFog":true,"showMaterialUpdate":false,"showSkybox":false,"showFlares":true,"showImageEffects":true,"showParticleSystems":true},"in2DMode":false,"pivot":{"x":0.015680357813835145,"y":-0.01035609096288681,"z":-0.04616497457027435},"rotation":{"x":-0.024800244718790056,"y":-0.921984851360321,"z":0.05983293429017067,"w":-0.3819129765033722},"size":0.08134149014949799,"orthographic":false}