{"cameraMode":{"drawMode":0,"name":"Shaded","section":"Shading Mode"},"sceneLighting":false,"audioPlay":false,"sceneViewState":{"showFog":true,"showMaterialUpdate":true,"showSkybox":false,"showFlares":true,"showImageEffects":true,"showParticleSystems":true},"in2DMode":false,"pivot":{"x":27.29895782470703,"y":3.7482285499572756,"z":8.556478500366211},"rotation":{"x":0.13933031260967256,"y":-0.6767007112503052,"z":0.13304100930690766,"w":0.7109467387199402},"size":8.74386215209961,"orthographic":false}