{"cameraMode":{"drawMode":0,"name":"Shaded","section":"Shading Mode"},"sceneLighting":true,"audioPlay":false,"sceneViewState":{"showFog":true,"showMaterialUpdate":true,"showSkybox":true,"showFlares":true,"showImageEffects":true,"showParticleSystems":true},"in2DMode":false,"pivot":{"x":-4.974228858947754,"y":1.6950726509094239,"z":-9.89770793914795},"rotation":{"x":0.008118816651403904,"y":-0.9849838614463806,"z":0.058262210339307788,"w":0.1650105118751526},"size":10.0,"orthographic":false}