{"cameraMode":{"drawMode":0,"name":"Shaded","section":"Shading Mode"},"sceneLighting":false,"audioPlay":false,"sceneViewState":{"showFog":true,"showMaterialUpdate":false,"showSkybox":false,"showFlares":true,"showImageEffects":true,"showParticleSystems":true},"in2DMode":false,"pivot":{"x":1.5683643817901612,"y":1.3966307640075684,"z":-5.848392009735107},"rotation":{"x":0.08410913497209549,"y":0.19158965349197389,"z":-0.016482483595609666,"w":0.9777727723121643},"size":1.0462911128997803,"orthographic":false}