{"cameraMode":{"drawMode":0,"name":"Shaded","section":"Shading Mode"},"sceneLighting":false,"audioPlay":false,"sceneViewState":{"showFog":true,"showMaterialUpdate":true,"showSkybox":false,"showFlares":true,"showImageEffects":true,"showParticleSystems":true},"in2DMode":false,"pivot":{"x":-3.5671210289001467,"y":-7.307004451751709,"z":-67.83232879638672},"rotation":{"x":-0.001068269251845777,"y":-0.9867727756500244,"z":0.1646275520324707,"w":0.001067143166437745},"size":25.194555282592775,"orthographic":false}