{"cameraMode":{"drawMode":0,"name":"Shaded","section":"Shading Mode"},"sceneLighting":true,"audioPlay":false,"sceneViewState":{"showFog":true,"showMaterialUpdate":false,"showSkybox":false,"showFlares":true,"showImageEffects":true,"showParticleSystems":true},"in2DMode":false,"pivot":{"x":1.2784944772720338,"y":-0.7299240231513977,"z":-0.3915117383003235},"rotation":{"x":0.13584879040718079,"y":0.8483449220657349,"z":-0.2611985504627228,"w":0.44026926159858706},"size":3.125176429748535,"orthographic":false}