{"cameraMode":{"drawMode":0,"name":"Shaded","section":"Shading Mode"},"sceneLighting":false,"audioPlay":false,"sceneViewState":{"showFog":true,"showMaterialUpdate":true,"showSkybox":false,"showFlares":true,"showImageEffects":true,"showParticleSystems":true},"in2DMode":false,"pivot":{"x":2.384185791015625e-7,"y":1.9997327327728272,"z":0.75},"rotation":{"x":-0.09197700768709183,"y":0.23490305244922639,"z":-0.022493133321404458,"w":-0.9675836563110352},"size":2.150829792022705,"orthographic":false}