{"cameraMode":{"drawMode":0,"name":"Shaded","section":"Shading Mode"},"sceneLighting":false,"audioPlay":false,"sceneViewState":{"showFog":true,"showMaterialUpdate":false,"showSkybox":false,"showFlares":true,"showImageEffects":true,"showParticleSystems":true},"in2DMode":false,"pivot":{"x":13.077521324157715,"y":3.7422685623168947,"z":29.248577117919923},"rotation":{"x":-0.07934016734361649,"y":-0.7870935797691345,"z":0.10354268550872803,"w":-0.6029736995697022},"size":0.07579676806926727,"orthographic":false}