{"cameraMode":{"drawMode":0,"name":"Shaded","section":"Shading Mode"},"sceneLighting":false,"audioPlay":false,"sceneViewState":{"showFog":true,"showMaterialUpdate":false,"showSkybox":false,"showFlares":true,"showImageEffects":true,"showParticleSystems":true},"in2DMode":false,"pivot":{"x":9.623130798339844,"y":-3.87880277633667,"z":-9.317591667175293},"rotation":{"x":0.06105669215321541,"y":0.9199995398521423,"z":-0.15916629135608674,"w":0.3529238998889923},"size":9.273198127746582,"orthographic":false}