{"cameraMode":{"drawMode":0,"name":"Shaded","section":"Shading Mode"},"sceneLighting":false,"audioPlay":false,"sceneViewState":{"showFog":true,"showMaterialUpdate":true,"showSkybox":false,"showFlares":true,"showImageEffects":true,"showParticleSystems":true},"in2DMode":false,"pivot":{"x":0.027142586186528207,"y":2.1390128135681154,"z":1.6747183799743653},"rotation":{"x":-0.0007483800873160362,"y":-0.9963333010673523,"z":0.09023481607437134,"w":0.006991768255829811},"size":5.909080982208252,"orthographic":false}