{"cameraMode":{"drawMode":0,"name":"Shaded","section":"Shading Mode"},"sceneLighting":true,"audioPlay":false,"sceneViewState":{"showFog":true,"showMaterialUpdate":true,"showSkybox":false,"showFlares":true,"showImageEffects":true,"showParticleSystems":true},"in2DMode":false,"pivot":{"x":-3.7616984844207765,"y":-1.377691388130188,"z":8.562061309814454},"rotation":{"x":-0.06059059500694275,"y":0.1963551789522171,"z":-0.012112385593354702,"w":-0.978896975517273},"size":12.12435531616211,"orthographic":false}