{"cameraMode":{"drawMode":0,"name":"Shaded","section":"Shading Mode"},"sceneLighting":false,"audioPlay":false,"sceneViewState":{"m_AlwaysRefresh":true,"showFog":true,"showSkybox":false,"showFlares":true,"showImageEffects":true,"showParticleSystems":true,"showVisualEffectGraphs":true,"m_FxEnabled":true},"in2DMode":false,"pivot":{"x":-0.4360771179199219,"y":-0.34029531478881838,"z":-0.11707231402397156},"rotation":{"x":-0.3323260545730591,"y":0.24267162382602693,"z":-0.0899762287735939,"w":-0.9074658155441284},"size":0.8660253882408142,"orthographic":false}