{"cameraMode":{"drawMode":0,"name":"Shaded","section":"Shading Mode"},"sceneLighting":true,"audioPlay":false,"sceneViewState":{"m_AlwaysRefresh":true,"showFog":true,"showSkybox":false,"showFlares":true,"showImageEffects":true,"showParticleSystems":true,"showVisualEffectGraphs":true,"m_FxEnabled":true},"in2DMode":false,"pivot":{"x":207.58999633789063,"y":-10.562000274658204,"z":165.78843688964845},"rotation":{"x":-0.09556443244218826,"y":-0.5884937644004822,"z":0.0693531483411789,"w":-0.8006081581115723},"size":1.2124319076538087,"orthographic":false}