{"cameraMode":{"drawMode":0,"name":"Shaded","section":"Shading Mode"},"sceneLighting":false,"audioPlay":false,"sceneViewState":{"m_AlwaysRefresh":true,"showFog":true,"showSkybox":false,"showFlares":true,"showImageEffects":true,"showParticleSystems":true,"showVisualEffectGraphs":true,"m_FxEnabled":true},"in2DMode":false,"pivot":{"x":-0.002325296401977539,"y":1.0144155025482178,"z":0.07494592666625977},"rotation":{"x":-0.1513015627861023,"y":-0.009870393201708794,"z":0.00039001094410195947,"w":-0.9888944029808044},"size":4.095947265625,"orthographic":false}