{"cameraMode":{"drawMode":0,"name":"Shaded","section":"Shading Mode"},"sceneLighting":true,"audioPlay":false,"sceneViewState":{"m_AlwaysRefresh":true,"showFog":true,"showSkybox":false,"showFlares":true,"showImageEffects":true,"showParticleSystems":true,"showVisualEffectGraphs":true,"m_FxEnabled":true},"in2DMode":false,"pivot":{"x":0.9299752712249756,"y":0.004860566928982735,"z":-0.29139038920402529},"rotation":{"x":0.12119060009717941,"y":0.8089128136634827,"z":-0.17370793223381043,"w":0.5492425560951233},"size":3.155946731567383,"orthographic":false}