{"cameraMode":{"drawMode":0,"name":"Shaded","section":"Shading Mode"},"sceneLighting":false,"audioPlay":false,"sceneViewState":{"m_AlwaysRefresh":true,"showFog":true,"showSkybox":false,"showFlares":true,"showImageEffects":true,"showParticleSystems":true,"showVisualEffectGraphs":true,"m_FxEnabled":true},"in2DMode":false,"pivot":{"x":-0.9716310501098633,"y":0.21544454991817475,"z":-4.745555400848389},"rotation":{"x":0.006775734014809132,"y":-0.9888119101524353,"z":0.1407458335161209,"w":0.057154253125190738},"size":5.909080982208252,"orthographic":false}