{"cameraMode":{"drawMode":0,"name":"Shaded","section":"Shading Mode"},"sceneLighting":false,"audioPlay":false,"sceneViewState":{"m_AlwaysRefresh":true,"showFog":true,"showSkybox":false,"showFlares":true,"showImageEffects":true,"showParticleSystems":true,"showVisualEffectGraphs":true,"m_FxEnabled":true},"in2DMode":false,"pivot":{"x":-0.6557033061981201,"y":-0.11723992228507996,"z":-15.905745506286621},"rotation":{"x":-0.007104122079908848,"y":0.9875229597091675,"z":-0.1466909497976303,"w":-0.06408290565013886},"size":5.909080505371094,"orthographic":false}