{"cameraMode":{"drawMode":0,"name":"Shaded","section":"Shading Mode"},"sceneLighting":false,"audioPlay":false,"sceneViewState":{"m_AlwaysRefresh":true,"showFog":true,"showSkybox":false,"showFlares":true,"showImageEffects":true,"showParticleSystems":true,"showVisualEffectGraphs":true,"m_FxEnabled":true},"in2DMode":false,"pivot":{"x":20.237995147705079,"y":-10.95188045501709,"z":30.985370635986329},"rotation":{"x":0.1574159413576126,"y":0.32146385312080386,"z":-0.05318192392587662,"w":0.9329870343208313},"size":28.594480514526368,"orthographic":false}