{"cameraMode":{"drawMode":0,"name":"Shaded","section":"Shading Mode"},"sceneLighting":false,"audioPlay":false,"sceneViewState":{"m_AlwaysRefresh":true,"showFog":true,"showSkybox":false,"showFlares":true,"showImageEffects":true,"showParticleSystems":true,"showVisualEffectGraphs":true,"m_FxEnabled":true},"in2DMode":false,"pivot":{"x":18.477825164794923,"y":3.681020498275757,"z":-37.75296401977539},"rotation":{"x":-0.000348221103195101,"y":0.9822479486465454,"z":-0.014005645178258419,"w":-0.18939338624477387},"size":2.127607583999634,"orthographic":false}